 div_num,div_name,FY2005T,FY2006T,FY2007T,FY2008T,FY2009T,FY2010T,FY2011T,FY2012T,FY2013T,FY2014T,FY2015T,FY2016T,Av05_07T, Av08_10T , Av11_13T , Av14_16T 
1,Accomack County Public Schools," 37,727 "," 39,131 "," 39,973 "," 39,576 "," 40,009 "," 39,299 "," 38,600 "," 38,727 "," 40,596 "," 40,949 "," 43,712 "," 44,339 ","38,944"," 39,628 "," 39,308 "," 43,000 "
2,Albemarle County Public Schools," 44,094 "," 47,688 "," 49,580 "," 51,223 "," 53,175 "," 51,960 "," 51,512 "," 50,959 "," 53,521 "," 54,586 "," 54,449 "," 55,281 ","47,121"," 52,119 "," 51,998 "," 54,772 "
3,Alleghany County Public Schools," 41,008 "," 43,123 "," 44,095 "," 45,580 "," 46,658 "," 46,646 "," 47,114 "," 47,184 "," 48,254 "," 47,477 "," 48,507 "," 48,391 ","42,742"," 46,295 "," 47,517 "," 48,125 "
4,Amelia County Public Schools," 30,516 "," 30,446 "," 40,442 "," 44,349 "," 46,811 "," 46,410 "," 44,762 "," 45,581 "," 43,357 "," 49,019 "," 49,150 "," 51,473 ","33,801"," 45,857 "," 44,567 "," 49,881 "
5,Amherst County Public Schools," 38,050 "," 39,705 "," 41,935 "," 42,816 "," 45,544 "," 44,280 "," 43,684 "," 43,609 "," 44,779 "," 45,527 "," 45,111 "," 46,323 ","39,897"," 44,213 "," 44,024 "," 45,654 "
6,Appomattox County Public Schools," 35,216 "," 37,296 "," 38,755 "," 41,028 "," 42,754 "," 39,870 "," 41,177 "," 40,133 "," 40,810 "," 39,904 "," 38,949 "," 40,052 ","37,089"," 41,217 "," 40,707 "," 39,635 "
7,Arlington County Public Schools," 61,407 "," 65,790 "," 64,447 "," 67,742 "," 69,073 "," 69,737 "," 68,979 "," 69,185 "," 73,626 "," 73,846 "," 74,534 "," 76,942 ","63,881"," 68,850 "," 70,597 "," 75,107 "
8,Augusta County Public Schools," 40,388 "," 41,286 "," 43,075 "," 44,062 "," 45,724 "," 45,001 "," 43,692 "," 43,669 "," 45,519 "," 47,061 "," 48,602 "," 48,610 ","41,583"," 44,929 "," 44,293 "," 48,091 "
9,Bath County Public Schools," 39,519 "," 41,562 "," 42,259 "," 42,037 "," 43,200 "," 42,076 "," 41,715 "," 43,288 "," 45,628 "," 46,784 "," 48,410 "," 47,911 ","41,113"," 42,438 "," 43,544 "," 47,702 "
10,Bedford County Public Schools," 38,074 "," 37,300 "," 39,694 "," 40,827 "," 43,455 "," 40,874 "," 41,023 "," 41,599 "," 42,524 "," 43,653 "," 40,986 "," 43,210 ","38,356"," 41,719 "," 41,715 "," 42,616 "
11,Bland County Public Schools," 35,811 "," 35,402 "," 37,863 "," 39,761 "," 42,156 "," 42,763 "," 41,583 "," 42,225 "," 41,685 "," 43,775 "," 42,605 "," 42,245 ","36,359"," 41,560 "," 41,831 "," 42,875 "
12,Botetourt County Public Schools," 43,955 "," 45,390 "," 46,561 "," 47,904 "," 49,051 "," 49,001 "," 48,130 "," 47,622 "," 48,866 "," 51,189 "," 51,293 "," 51,584 ","45,302"," 48,652 "," 48,206 "," 51,355 "
13,Brunswick County Public Schools," 38,097 ",-999," 37,843 "," 38,596 "," 40,277 "," 40,105 "," 39,216 "," 39,404 "," 41,333 "," 41,712 "," 40,223 "," 40,649 "," 37,970 "," 39,659 "," 39,984 "," 40,861 "
14,Buchanan County Public Schools," 37,333 "," 37,151 "," 38,686 "," 39,521 "," 41,690 "," 43,017 "," 39,532 "," 40,044 "," 38,468 "," 39,840 "," 41,429 "," 45,037 "," 37,723 "," 41,409 "," 39,348 "," 42,102 "
15,Buckingham County Public Schools," 37,425 "," 37,526 "," 39,827 "," 42,097 "," 43,664 "," 43,448 "," 42,426 "," 40,797 "," 42,521 "," 42,193 "," 41,477 "," 43,398 "," 38,259 "," 43,070 "," 41,915 "," 42,356 "
16,Campbell County Public Schools," 38,773 "," 39,663 "," 41,324 "," 42,204 "," 43,618 "," 43,376 "," 41,605 "," 40,884 "," 41,998 "," 43,257 "," 43,305 "," 45,822 "," 39,920 "," 43,066 "," 41,496 "," 44,128 "
17,Caroline County Public Schools," 39,376 "," 41,935 "," 43,807 "," 43,301 "," 45,674 "," 44,624 "," 42,473 "," 42,523 "," 49,820 "," 47,144 "," 48,630 "," 48,038 "," 41,706 "," 44,533 "," 44,939 "," 47,937 "
18,Carroll County Public Schools," 36,291 "," 36,885 "," 37,024 "," 36,938 "," 40,582 "," 40,933 "," 42,371 "," 40,442 "," 42,644 "," 44,042 "," 45,563 "," 44,025 "," 36,733 "," 39,484 "," 41,819 "," 44,543 "
19,Charles City County Public Schools," 38,061 "," 39,530 "," 40,530 "," 38,511 "," 40,180 "," 41,117 "," 40,379 "," 40,408 "," 39,107 "," 45,722 "," 43,666 "," 40,452 "," 39,374 "," 39,936 "," 39,965 "," 43,280 "
20,Charlotte County Public Schools," 37,634 "," 39,042 "," 40,530 "," 42,040 "," 42,554 "," 41,261 "," 41,092 "," 41,057 "," 43,874 "," 44,298 "," 46,244 "," 44,762 "," 39,069 "," 41,952 "," 42,008 "," 45,101 "
21,Chesterfield County Public Schools," 43,104 "," 44,417 "," 46,486 "," 48,180 "," 50,071 "," 49,352 "," 48,233 "," 47,273 "," 48,673 "," 50,087 "," 50,281 "," 50,697 "," 44,669 "," 49,201 "," 48,059 "," 50,355 "
22,Clarke County Public Schools," 43,850 "," 45,817 "," 46,433 "," 45,402 "," 47,601 "," 48,114 "," 47,771 "," 46,852 "," 50,808 "," 50,728 "," 50,152 "," 52,019 "," 45,367 "," 47,039 "," 48,477 "," 50,966 "
23,Craig County Public Schools," 41,288 "," 40,621 "," 43,279 "," 42,430 "," 42,593 "," 43,168 "," 40,557 "," 41,442 "," 41,255 "," 45,277 "," 41,580 "," 41,456 "," 41,729 "," 42,730 "," 41,084 "," 42,771 "
24,Culpeper County Public Schools," 41,355 "," 41,405 "," 44,565 "," 48,348 "," 48,188 "," 48,122 "," 45,811 "," 47,252 "," 48,667 "," 48,769 "," 49,318 "," 49,140 "," 42,442 "," 48,219 "," 47,243 "," 49,076 "
25,Cumberland County Public Schools," 38,477 "," 39,380 "," 39,714 "," 39,108 "," 40,115 "," 41,417 "," 42,935 "," 44,634 "," 45,946 "," 48,069 "," 48,098 "," 47,303 "," 39,191 "," 40,213 "," 44,505 "," 47,823 "
26,Dickenson County Public Schools," 33,951 "," 35,742 "," 37,146 "," 39,957 "," 42,595 "," 40,725 "," 41,776 "," 42,123 "," 38,960 "," 38,948 "," 39,429 "," 40,667 "," 35,613 "," 41,092 "," 40,953 "," 39,681 "
27,Dinwiddie County Public Schools," 41,784 "," 42,866 "," 44,461 "," 45,181 "," 47,570 "," 46,591 "," 46,594 "," 45,107 "," 47,078 "," 47,901 "," 47,890 "," 49,021 "," 43,037 "," 46,447 "," 46,260 "," 48,271 "
28,Essex County Public Schools," 40,735 "," 42,583 "," 44,821 "," 42,812 "," 44,680 "," 45,581 "," 46,262 "," 45,899 "," 47,325 "," 45,007 "," 46,012 "," 46,718 "," 42,713 "," 44,358 "," 46,495 "," 45,912 "
29,Fairfax County Public Schools," 55,158 "," 58,389 "," 60,593 "," 62,458 "," 64,559 "," 63,853 "," 62,074 "," 63,203 "," 63,422 "," 64,580 "," 64,924 "," 66,084 "," 58,047 "," 63,624 "," 62,899 "," 65,196 "
30,Fauquier County Public Schools," 47,429 "," 49,595 "," 53,055 "," 55,179 "," 56,674 "," 57,068 "," 54,615 "," 54,975 "," 57,743 "," 56,267 "," 53,705 "," 55,298 "," 50,026 "," 56,307 "," 55,778 "," 55,090 "
31,Floyd County Public Schools," 39,028 "," 39,871 "," 41,891 "," 41,896 "," 43,176 "," 42,851 "," 42,772 "," 42,542 "," 43,044 "," 44,747 "," 45,327 "," 45,484 "," 40,263 "," 42,641 "," 42,786 "," 45,186 "
32,Fluvanna County Public Schools," 43,591 "," 46,405 "," 49,313 "," 50,991 "," 53,126 "," 53,144 "," 50,822 "," 50,376 "," 49,612 "," 50,524 "," 52,409 "," 53,498 "," 46,436 "," 52,421 "," 50,270 "," 52,144 "
33,Franklin County Public Schools," 40,867 ",-999," 43,549 "," 43,837 "," 46,035 "," 44,732 "," 43,314 "," 43,895 "," 43,884 "," 44,974 "," 47,032 "," 48,223 "," 42,208 "," 44,868 "," 43,697 "," 46,743 "
34,Frederick County Public Schools," 41,915 "," 42,960 "," 45,481 "," 47,085 "," 48,689 "," 47,830 "," 47,672 "," 47,490 "," 49,368 "," 50,689 "," 51,503 "," 53,806 "," 43,452 "," 47,868 "," 48,177 "," 51,999 "
35,Giles County Public Schools," 38,779 "," 38,871 "," 39,804 "," 40,903 "," 41,017 "," 41,064 "," 39,458 "," 38,340 "," 38,762 "," 40,759 "," 41,061 "," 41,882 "," 39,151 "," 40,995 "," 38,853 "," 41,234 "
36,Gloucester County Public Schools," 40,818 "," 42,925 "," 44,543 "," 45,857 "," 47,467 "," 46,758 "," 46,306 "," 46,108 "," 48,942 "," 49,567 "," 49,117 "," 48,091 "," 42,762 "," 46,694 "," 47,119 "," 48,925 "
37,Goochland County Public Schools," 42,682 "," 41,778 "," 42,544 "," 45,358 "," 45,406 "," 46,690 "," 43,196 "," 43,212 "," 45,314 "," 48,187 "," 49,275 "," 48,401 "," 42,335 "," 45,818 "," 43,907 "," 48,621 "
38,Grayson County Public Schools," 33,532 "," 34,470 "," 36,708 "," 37,108 "," 38,179 "," 36,396 "," 35,744 "," 36,507 "," 36,427 "," 37,245 "," 37,643 "," 39,136 "," 34,903 "," 37,228 "," 36,226 "," 38,008 "
39,Greene County Public Schools," 37,611 "," 37,478 "," 39,212 "," 36,056 "," 44,483 "," 44,178 "," 44,099 "," 44,959 "," 44,158 "," 44,856 "," 47,375 "," 48,720 "," 38,100 "," 41,572 "," 44,405 "," 46,984 "
40,Greensville County Public Schools," 40,009 "," 42,113 "," 42,103 "," 43,318 "," 45,470 "," 45,537 "," 45,179 "," 44,913 "," 43,966 "," 46,397 "," 47,571 "," 47,216 "," 41,408 "," 44,775 "," 44,686 "," 47,061 "
41,Halifax County Public Schools," 37,685 "," 38,104 "," 39,665 "," 40,518 "," 39,185 "," 39,185 "," 38,660 "," 41,869 "," 47,241 "," 38,883 "," 38,503 "," 37,252 "," 38,485 "," 39,629 "," 42,590 "," 38,213 "
42,Hanover County Public Schools," 41,301 "," 42,733 "," 44,609 "," 45,002 "," 47,479 "," 47,030 "," 47,103 "," 48,174 "," 48,557 "," 48,334 "," 49,795 "," 51,720 "," 42,881 "," 46,504 "," 47,944 "," 49,950 "
43,Henrico County Public Schools," 43,578 "," 45,085 "," 46,833 "," 48,776 "," 49,829 "," 50,046 "," 48,827 "," 51,723 "," 50,594 "," 50,428 "," 50,050 "," 48,850 "," 45,165 "," 49,550 "," 50,381 "," 49,776 "
44,Henry County Public Schools," 36,769 "," 37,720 "," 38,302 "," 40,181 "," 41,654 "," 40,748 "," 42,518 "," 43,860 "," 44,655 "," 44,957 "," 46,152 "," 46,766 "," 37,597 "," 40,861 "," 43,678 "," 45,958 "
45,Highland County Public Schools," 37,343 "," 37,795 "," 41,206 "," 40,337 "," 44,512 "," 43,976 "," 44,056 "," 43,734 "," 45,120 "," 46,255 "," 48,785 "," 49,377 "," 38,781 "," 42,942 "," 44,303 "," 48,139 "
46,Isle Of Wight County Public Schools," 43,147 "," 41,298 "," 45,989 "," 49,741 "," 52,513 "," 51,404 "," 51,959 "," 53,025 "," 54,556 "," 54,956 "," 54,801 "," 55,609 "," 43,478 "," 51,219 "," 53,180 "," 55,122 "
48,King George County Public Schools," 39,100 "," 42,217 "," 44,936 "," 46,172 "," 48,854 "," 48,051 "," 50,361 "," 47,401 "," 45,465 "," 47,457 "," 48,221 "," 49,676 "," 42,084 "," 47,692 "," 47,743 "," 48,451 "
49,King And Queen County Public Schools," 38,653 "," 38,803 "," 40,744 "," 42,565 "," 41,612 "," 43,977 "," 45,994 "," 48,784 "," 47,437 "," 47,586 "," 47,285 "," 47,766 "," 39,400 "," 42,718 "," 47,405 "," 47,546 "
50,King William County Public Schools," 41,782 "," 42,664 "," 42,471 "," 45,314 "," 46,110 "," 45,889 "," 46,105 "," 46,382 "," 44,817 "," 48,618 "," 49,740 "," 50,506 "," 42,306 "," 45,771 "," 45,768 "," 49,621 "
51,Lancaster County Public Schools," 41,125 "," 39,156 "," 42,559 "," 44,186 "," 42,624 "," 42,566 "," 43,432 "," 42,685 "," 44,682 "," 47,480 "," 45,972 "," 41,358 "," 40,947 "," 43,125 "," 43,600 "," 44,937 "
52,Lee County Public Schools," 39,645 "," 40,620 "," 41,701 "," 40,867 "," 43,466 "," 44,334 ",-999," 40,343 "," 38,138 "," 39,243 "," 41,757 "," 43,211 "," 40,655 "," 42,889 "," 39,241 "," 41,404 "
53,Loudoun County Public Schools," 52,547 "," 59,819 "," 60,476 "," 57,518 "," 58,720 "," 59,738 "," 59,237 "," 60,646 "," 60,798 "," 61,485 "," 64,284 "," 64,184 "," 57,614 "," 58,659 "," 60,227 "," 63,318 "
54,Louisa County Public Schools," 39,711 "," 39,010 "," 47,347 "," 48,304 "," 49,656 "," 48,009 "," 47,014 "," 47,013 "," 47,144 "," 48,671 "," 50,016 "," 51,901 "," 42,023 "," 48,656 "," 47,057 "," 50,196 "
55,Lunenburg County Public Schools," 38,331 "," 40,309 "," 42,647 "," 40,124 "," 41,332 "," 40,879 "," 40,003 "," 47,668 "," 44,865 "," 44,401 "," 44,658 "," 46,559 "," 40,429 "," 40,779 "," 44,179 "," 45,206 "
56,Madison County Public Schools," 38,675 "," 40,495 "," 42,577 "," 44,253 "," 44,538 "," 43,269 "," 42,745 "," 43,103 "," 44,429 "," 44,490 "," 42,804 "," 42,770 "," 40,583 "," 44,020 "," 43,426 "," 43,355 "
57,Mathews County Public Schools," 37,204 "," 38,693 "," 41,041 "," 39,263 "," 39,697 "," 38,385 "," 39,857 "," 40,404 "," 43,168 "," 44,931 "," 43,299 "," 45,370 "," 38,979 "," 39,115 "," 41,143 "," 44,533 "
58,Mecklenburg County Public Schools," 38,244 "," 38,429 "," 40,432 "," 40,632 "," 42,068 "," 42,469 "," 41,481 "," 48,805 "," 43,010 "," 43,750 "," 42,899 "," 44,212 "," 39,035 "," 41,723 "," 44,432 "," 43,620 "
59,Middlesex County Public Schools," 37,484 "," 37,404 "," 38,979 "," 39,666 "," 41,677 "," 42,609 "," 41,103 "," 42,099 "," 43,217 "," 43,881 "," 42,996 "," 45,379 "," 37,956 "," 41,317 "," 42,140 "," 44,085 "
60,Montgomery County Public Schools," 39,014 "," 40,330 "," 42,182 "," 43,672 "," 45,738 "," 46,414 "," 45,999 "," 46,297 "," 45,504 "," 47,338 "," 49,605 "," 50,605 "," 40,509 "," 45,275 "," 45,933 "," 49,183 "
62,Nelson County Public Schools," 39,888 "," 40,848 "," 42,627 "," 44,422 "," 45,345 "," 47,646 "," 47,643 "," 47,432 "," 48,124 "," 50,967 "," 51,207 "," 53,096 "," 41,121 "," 45,804 "," 47,733 "," 51,757 "
63,New Kent County Public Schools," 41,044 "," 39,887 "," 41,188 "," 43,297 "," 46,989 "," 44,630 "," 44,629 "," 46,128 "," 45,079 "," 46,996 "," 47,282 "," 45,833 "," 40,706 "," 44,972 "," 45,279 "," 46,704 "
65,Northampton County Public Schools," 40,008 "," 39,429 "," 42,670 "," 38,407 "," 40,689 "," 40,391 "," 41,666 "," 36,962 "," 37,823 "," 41,427 "," 41,883 "," 43,396 "," 40,702 "," 39,829 "," 38,817 "," 42,235 "
66,Northumberland County Public Schools," 44,264 "," 44,365 "," 46,644 "," 47,263 "," 47,323 "," 47,824 "," 46,290 "," 48,748 "," 47,221 "," 48,024 "," 47,630 "," 49,814 "," 45,091 "," 47,470 "," 47,420 "," 48,489 "
67,Nottoway County Public Schools," 37,925 "," 40,033 "," 39,961 "," 42,025 "," 47,136 "," 45,489 "," 42,625 "," 47,509 "," 47,575 "," 47,793 "," 46,321 "," 46,481 "," 39,306 "," 44,883 "," 45,903 "," 46,865 "
68,Orange County Public Schools," 38,473 "," 41,882 "," 43,133 "," 41,800 "," 42,628 "," 43,186 "," 45,185 "," 45,567 "," 48,980 "," 47,465 "," 49,388 "," 50,073 "," 41,163 "," 42,538 "," 46,577 "," 48,975 "
69,Page County Public Schools," 38,141 "," 40,043 "," 41,602 "," 43,956 "," 44,941 "," 42,678 "," 41,177 "," 41,014 "," 42,983 "," 43,358 "," 44,398 "," 46,504 "," 39,929 "," 43,858 "," 41,725 "," 44,753 "
70,Patrick County Public Schools," 36,964 "," 38,081 "," 39,783 "," 40,120 "," 41,296 "," 41,178 "," 40,534 "," 41,441 "," 42,543 "," 42,447 "," 43,147 "," 43,528 "," 38,276 "," 40,865 "," 41,506 "," 43,041 "
71,Pittsylvania County Public Schools," 37,682 "," 38,968 "," 41,202 "," 40,924 "," 42,338 "," 42,549 "," 41,567 "," 41,076 "," 42,260 "," 40,865 "," 43,074 "," 44,840 "," 39,284 "," 41,937 "," 41,634 "," 42,926 "
72,Powhatan County Public Schools," 39,190 "," 41,523 "," 45,078 "," 45,637 "," 47,162 "," 47,228 "," 47,508 "," 47,646 "," 49,789 "," 51,846 "," 52,829 "," 55,348 "," 41,931 "," 46,675 "," 48,314 "," 53,341 "
73,Prince Edward County Public Schools," 40,126 "," 41,459 "," 42,599 "," 43,507 "," 44,451 "," 43,587 "," 40,675 "," 44,127 "," 45,389 "," 42,916 "," 41,386 "," 41,166 "," 41,395 "," 43,848 "," 43,397 "," 41,823 "
74,Prince George County Public Schools," 42,805 "," 44,529 "," 45,720 "," 46,996 "," 50,471 "," 49,968 "," 49,834 "," 49,658 "," 49,469 "," 51,816 "," 51,766 "," 50,814 "," 44,351 "," 49,145 "," 49,654 "," 51,465 "
75,Prince William County Public Schools," 53,108 "," 54,915 "," 58,351 "," 59,656 "," 63,873 "," 62,064 "," 60,993 "," 61,855 "," 61,863 "," 62,046 "," 63,521 "," 60,011 "," 55,458 "," 61,864 "," 61,570 "," 61,859 "
77,Pulaski County Public Schools," 36,870 "," 37,701 "," 38,890 "," 42,876 "," 43,794 "," 41,567 "," 42,757 "," 42,420 "," 43,784 "," 45,209 "," 44,823 "," 44,086 "," 37,820 "," 42,745 "," 42,987 "," 44,706 "
78,Rappahannock County Public Schools," 40,565 "," 43,373 "," 43,490 "," 45,312 "," 46,656 "," 47,454 "," 47,393 "," 45,941 "," 49,343 "," 51,519 "," 51,609 "," 53,250 "," 42,476 "," 46,474 "," 47,559 "," 52,126 "
79,Richmond County Public Schools," 41,357 "," 42,870 "," 44,150 "," 45,242 "," 47,385 "," 47,484 "," 48,277 "," 47,626 "," 49,492 "," 49,185 "," 48,865 "," 47,968 "," 42,792 "," 46,704 "," 48,465 "," 48,673 "
80,Roanoke County Public Schools," 45,957 "," 45,891 "," 46,734 "," 47,698 "," 49,221 "," 48,656 "," 48,712 "," 48,267 "," 50,886 "," 49,968 "," 49,719 "," 49,967 "," 46,194 "," 48,525 "," 49,288 "," 49,885 "
81,Rockbridge County Public Schools," 36,870 "," 38,168 "," 40,043 "," 40,621 "," 42,510 "," 45,084 "," 46,535 "," 45,216 "," 47,363 "," 45,971 "," 47,534 "," 49,113 "," 38,360 "," 42,738 "," 46,371 "," 47,539 "
82,Rockingham County Public Schools," 39,755 "," 41,390 "," 43,154 "," 44,484 "," 45,124 "," 45,363 "," 44,452 "," 45,039 "," 46,585 "," 47,503 "," 48,941 "," 49,478 "," 41,433 "," 44,990 "," 45,359 "," 48,641 "
83,Russell County Public Schools," 33,725 "," 35,479 "," 36,054 "," 37,006 "," 40,315 "," 39,030 "," 38,884 "," 36,271 "," 37,116 "," 38,804 "," 39,079 "," 39,102 "," 35,086 "," 38,783 "," 37,423 "," 38,995 "
84,Scott County Public Schools," 39,485 "," 40,877 "," 41,271 "," 43,542 "," 44,641 "," 44,267 "," 45,500 "," 45,582 "," 47,555 "," 45,962 "," 46,362 "," 45,093 "," 40,545 "," 44,150 "," 46,212 "," 45,806 "
85,Shenandoah County Public Schools," 42,826 "," 42,805 "," 44,284 "," 44,835 "," 46,181 "," 44,790 "," 45,115 "," 44,177 "," 46,751 "," 46,694 "," 47,424 "," 48,195 "," 43,305 "," 45,269 "," 45,348 "," 47,438 "
86,Smyth County Public Schools," 38,957 "," 37,211 "," 36,969 "," 42,986 "," 42,845 "," 43,483 "," 43,453 "," 43,590 "," 44,590 "," 43,259 "," 43,223 "," 43,186 "," 37,712 "," 43,105 "," 43,877 "," 43,223 "
87,Southampton County Public Schools," 38,339 "," 40,444 "," 42,082 "," 43,078 "," 44,126 "," 44,069 "," 43,537 "," 44,012 "," 43,509 "," 43,171 "," 44,819 "," 45,503 "," 40,288 "," 43,758 "," 43,686 "," 44,498 "
88,Spotsylvania County Public Schools," 44,277 "," 46,496 "," 49,414 "," 52,291 "," 53,222 "," 51,964 "," 51,491 "," 51,373 "," 53,725 "," 53,178 "," 54,212 "," 53,438 "," 46,729 "," 52,492 "," 52,196 "," 53,609 "
89,Stafford County Public Schools," 46,211 "," 49,068 "," 51,383 "," 52,251 "," 50,820 "," 52,591 "," 53,241 "," 53,038 "," 50,864 "," 53,031 "," 53,303 "," 54,490 "," 48,888 "," 51,887 "," 52,381 "," 53,608 "
90,Surry County Public Schools," 40,746 "," 44,663 "," 44,351 "," 44,646 "," 45,377 "," 47,439 "," 47,645 "," 50,020 "," 50,813 "," 50,198 "," 51,163 "," 52,665 "," 43,253 "," 45,821 "," 49,493 "," 51,342 "
91,Sussex County Public Schools," 42,687 "," 44,115 "," 44,553 "," 45,520 "," 47,789 "," 49,077 "," 49,262 "," 51,080 "," 51,839 "," 52,978 "," 49,901 "," 53,874 "," 43,785 "," 47,462 "," 50,727 "," 52,251 "
92,Tazewell County Public Schools," 38,081 "," 39,337 "," 39,944 "," 45,520 "," 45,059 "," 44,508 "," 43,660 "," 42,846 "," 42,062 "," 38,762 "," 37,499 "," 37,498 "," 39,121 "," 45,029 "," 42,856 "," 37,920 "
93,Warren County Public Schools," 40,115 "," 42,427 "," 43,361 "," 43,822 "," 46,127 "," 47,500 "," 45,960 "," 45,096 "," 48,241 "," 47,916 "," 47,289 "," 47,147 "," 41,968 "," 45,816 "," 46,432 "," 47,451 "
94,Washington County Public Schools," 36,798 "," 38,215 "," 41,560 "," 42,599 "," 44,822 "," 44,515 "," 44,484 "," 44,205 "," 47,059 "," 47,414 "," 47,751 "," 46,105 "," 38,858 "," 43,978 "," 45,249 "," 47,090 "
95,Westmoreland County Public Schools," 37,160 "," 40,581 "," 42,707 "," 43,386 "," 41,974 "," 42,170 "," 42,212 "," 41,794 "," 44,363 "," 44,675 "," 45,297 "," 43,218 "," 40,150 "," 42,510 "," 42,790 "," 44,397 "
96,Wise County Public Schools," 40,283 "," 40,831 "," 42,253 "," 44,130 "," 48,974 "," 49,268 "," 47,742 "," 47,487 "," 45,692 "," 49,693 "," 47,463 "," 47,418 "," 41,123 "," 47,457 "," 46,973 "," 48,191 "
97,Wythe County Public Schools," 37,101 "," 39,026 "," 41,164 "," 42,717 "," 44,307 "," 44,331 "," 43,160 "," 44,752 "," 46,890 "," 47,288 "," 46,744 "," 46,903 "," 39,097 "," 43,785 "," 44,934 "," 46,978 "
98,York County Public Schools," 44,098 "," 46,391 "," 46,925 "," 48,136 "," 49,800 "," 49,341 "," 48,831 "," 48,101 "," 48,310 "," 49,883 "," 51,247 "," 52,301 "," 45,805 "," 49,092 "," 48,414 "," 51,144 "
101,Alexandria City Public Schools," 58,759 "," 61,000 "," 65,202 "," 68,315 "," 66,413 "," 67,239 "," 70,183 "," 70,696 "," 74,682 "," 72,942 "," 73,675 "," 74,664 "," 61,654 "," 67,322 "," 71,854 "," 73,760 "
102,Bristol City Public Schools," 42,090 "," 43,619 "," 43,373 "," 43,607 "," 45,040 "," 44,864 "," 42,672 "," 45,342 "," 46,660 "," 43,926 "," 42,972 "," 43,904 "," 43,027 "," 44,504 "," 44,891 "," 43,601 "
103,Buena Vista City Public Schools," 39,833 "," 42,425 "," 43,262 "," 42,461 "," 41,409 "," 39,185 "," 40,793 "," 41,397 "," 42,528 "," 40,483 "," 40,131 "," 42,310 "," 41,840 "," 41,018 "," 41,573 "," 40,975 "
104,Charlottesville City Public Schools," 45,502 "," 48,037 "," 50,325 "," 52,985 "," 54,095 "," 54,226 "," 52,660 "," 52,790 "," 55,114 "," 54,886 "," 56,214 "," 56,310 "," 47,955 "," 53,769 "," 53,522 "," 55,803 "
106,Colonial Heights City Public Schools," 49,066 "," 48,999 "," 47,838 "," 50,158 "," 51,937 "," 51,529 "," 51,880 "," 50,451 "," 51,501 "," 51,300 "," 50,153 "," 49,971 "," 48,634 "," 51,208 "," 51,277 "," 50,475 "
107,Covington City Public Schools," 45,913 "," 47,465 "," 44,640 "," 44,710 "," 42,728 "," 48,038 "," 50,039 "," 51,412 "," 49,439 "," 51,141 "," 48,040 "," 50,119 "," 46,006 "," 45,159 "," 50,297 "," 49,767 "
108,Danville City Public Schools," 39,404 "," 40,064 "," 43,283 "," 44,196 "," 46,633 "," 46,970 "," 46,586 "," 45,898 "," 46,948 "," 47,879 "," 47,712 "," 48,398 "," 40,917 "," 45,933 "," 46,477 "," 47,996 "
109,Falls Church City Public Schools," 57,194 "," 57,607 "," 61,887 "," 62,875 "," 63,309 "," 63,020 "," 62,956 "," 63,273 "," 65,583 "," 66,589 "," 69,686 "," 74,630 "," 58,896 "," 63,068 "," 63,937 "," 70,302 "
110,Fredericksburg City Public Schools," 43,117 "," 44,864 "," 44,509 "," 46,786 "," 48,148 "," 46,944 "," 46,035 "," 45,704 "," 47,201 "," 49,493 "," 51,498 "," 52,807 "," 44,163 "," 47,293 "," 46,313 "," 51,266 "
111,Galax City Public Schools," 39,020 "," 41,001 "," 41,090 "," 42,162 "," 43,609 "," 43,821 "," 43,379 "," 45,100 "," 46,993 "," 46,328 "," 47,259 "," 48,307 "," 40,370 "," 43,197 "," 45,157 "," 47,298 "
112,Hampton City Public Schools," 37,236 "," 37,507 "," 37,594 "," 38,320 "," 44,340 "," 44,616 "," 44,205 "," 45,137 "," 45,029 "," 47,516 "," 47,413 "," 48,964 "," 37,446 "," 42,425 "," 44,790 "," 47,964 "
113,Harrisonburg City Public Schools," 42,525 "," 43,074 "," 45,195 "," 45,659 "," 46,793 "," 46,253 "," 45,474 "," 45,439 "," 44,237 "," 43,974 "," 43,616 "," 45,039 "," 43,598 "," 46,235 "," 45,050 "," 44,210 "
114,Hopewell City Public Schools," 42,918 "," 42,351 "," 42,378 "," 44,687 "," 46,399 "," 45,725 "," 45,360 "," 45,013 "," 46,797 "," 48,013 "," 45,443 "," 45,630 "," 42,549 "," 45,603 "," 45,723 "," 46,362 "
115,Lynchburg City Public Schools," 39,737 "," 41,209 "," 44,702 "," 44,858 "," 46,475 "," 48,050 "," 46,213 "," 41,960 "," 41,089 "," 39,037 "," 47,337 "," 47,476 "," 41,883 "," 46,461 "," 43,087 "," 44,617 "
116,Martinsville City Public Schools," 37,494 "," 45,509 "," 34,465 "," 44,312 "," 42,418 "," 42,803 "," 43,504 "," 42,969 "," 44,623 "," 43,210 "," 46,839 "," 44,823 "," 39,156 "," 43,178 "," 43,699 "," 44,957 "
117,Newport News City Public Schools," 42,195 "," 43,812 "," 44,735 "," 45,510 "," 48,938 "," 45,842 "," 47,009 "," 48,228 "," 48,192 "," 49,682 "," 50,219 "," 51,153 "," 43,581 "," 46,763 "," 47,810 "," 50,351 "
118,Norfolk City Public Schools6," 41,306 "," 44,165 "," 45,288 "," 46,161 "," 48,903 "," 48,058 "," 48,711 "," 48,967 "," 48,929 "," 49,908 "," 48,118 "," 50,081 "," 43,586 "," 47,707 "," 48,869 "," 49,369 "
119,Norton City Public Schools," 41,158 "," 41,518 "," 43,339 "," 44,663 "," 43,931 "," 44,528 "," 44,113 "," 40,934 "," 41,039 "," 41,463 "," 39,660 "," 41,641 "," 42,005 "," 44,374 "," 42,029 "," 40,921 "
120,Petersburg City Public Schools," 36,654 "," 38,252 "," 38,998 "," 40,797 "," 39,409 "," 40,316 "," 45,307 "," 40,644 "," 41,139 "," 42,150 "," 42,814 "," 43,796 "," 37,968 "," 40,174 "," 42,363 "," 42,920 "
121,Portsmouth City Public Schools," 35,892 "," 32,903 "," 34,924 "," 36,924 "," 42,270 "," 44,450 "," 36,268 "," 36,517 "," 38,183 "," 38,872 "," 51,576 "," 51,310 "," 34,573 "," 41,215 "," 36,990 "," 47,253 "
122,Radford City Public Schools," 42,477 "," 44,199 "," 45,498 "," 46,423 "," 49,157 "," 49,489 "," 48,813 "," 48,016 "," 49,967 "," 50,428 "," 50,288 "," 49,649 "," 44,058 "," 48,356 "," 48,932 "," 50,122 "
123,Richmond City Public Schools," 45,724 "," 45,873 "," 46,845 "," 48,668 "," 49,403 "," 49,395 "," 48,345 "," 50,485 "," 48,921 "," 50,148 "," 50,522 "," 49,858 "," 46,147 "," 49,155 "," 49,251 "," 50,176 "
124,Roanoke City Public Schools," 44,303 "," 45,920 "," 47,392 "," 47,244 "," 43,563 "," 38,723 "," 44,425 "," 48,039 "," 47,363 "," 50,509 "," 47,845 "," 48,707 "," 45,872 "," 43,177 "," 46,609 "," 49,020 "
126,Staunton City Public Schools," 38,306 "," 38,857 "," 41,087 "," 42,661 "," 43,965 "," 44,157 "," 44,839 "," 41,588 "," 43,979 "," 46,730 "," 46,208 "," 47,104 "," 39,417 "," 43,594 "," 43,469 "," 46,681 "
127,Suffolk City Public Schools," 42,203 "," 44,844 "," 47,447 "," 48,129 "," 49,964 "," 50,130 "," 49,280 "," 48,516 "," 49,158 "," 49,809 "," 51,375 "," 54,131 "," 44,831 "," 49,408 "," 48,985 "," 51,772 "
128,Virginia Beach City Public Schools," 46,611 "," 47,928 "," 51,102 "," 52,407 "," 53,343 "," 52,710 "," 52,732 "," 53,201 "," 54,875 "," 56,048 "," 56,128 "," 54,375 "," 48,547 "," 52,820 "," 53,602 "," 55,517 "
130,Waynesboro City Public Schools," 41,216 "," 43,260 "," 44,056 "," 45,476 "," 46,222 "," 43,188 "," 43,048 "," 44,929 "," 45,209 "," 47,484 "," 44,594 "," 46,812 "," 42,844 "," 44,962 "," 44,395 "," 46,297 "
131,Williamsburg Public Schools4," 48,016 "," 50,831 "," 52,367 "," 52,545 "," 53,722 "," 53,754 "," 51,923 "," 51,572 "," 52,037 "," 52,920 "," 54,554 "," 54,532 "," 50,405 "," 53,340 "," 51,844 "," 54,002 "
132,Winchester City Public Schools," 44,495 "," 45,022 "," 45,850 "," 48,498 "," 50,404 "," 47,541 "," 50,170 "," 51,256 "," 54,404 "," 53,910 "," 54,376 "," 54,055 "," 45,122 "," 48,815 "," 51,943 "," 54,114 "
135,Franklin City Public Schools," 41,868 "," 43,176 "," 43,610 "," 44,938 "," 45,787 "," 44,111 "," 44,459 "," 45,159 "," 44,257 "," 46,430 "," 45,592 "," 46,948 "," 42,885 "," 44,945 "," 44,625 "," 46,323 "
136,Chesapeake City Public Schools," 47,121 "," 48,274 "," 51,348 "," 52,885 "," 54,385 "," 52,514 "," 54,548 "," 53,043 "," 54,830 "," 56,484 "," 56,156 "," 56,117 "," 48,914 "," 53,262 "," 54,141 "," 56,252 "
137,Lexington City Public Schools," 41,559 "," 38,553 "," 44,251 "," 41,900 "," 47,204 "," 41,937 "," 41,829 "," 45,733 "," 41,025 "," 39,402 "," 40,127 "," 40,048 "," 41,455 "," 43,680 "," 42,862 "," 39,859 "
139,Salem City Public Schools," 47,848 "," 49,864 "," 51,211 "," 52,085 "," 53,912 "," 53,218 "," 53,186 "," 54,493 "," 56,207 "," 55,115 "," 55,353 "," 55,776 "," 49,641 "," 53,072 "," 54,628 "," 55,415 "
142,Poquoson City Public Schools," 41,336 "," 43,972 "," 43,809 "," 46,574 "," 48,225 "," 47,166 "," 46,396 "," 45,984 "," 48,113 "," 46,887 "," 48,519 "," 49,254 "," 43,039 "," 47,322 "," 46,831 "," 48,220 "
143,Manassas City Public Schools," 54,943 "," 55,744 "," 59,709 "," 60,455 "," 63,666 "," 62,886 "," 61,950 "," 63,340 "," 62,347 "," 62,534 "," 64,124 "," 61,913 "," 56,799 "," 62,336 "," 62,546 "," 62,857 "
144,Manassas Park City Public Schools," 47,998 "," 53,649 "," 58,247 "," 60,417 "," 56,429 "," 56,322 "," 56,230 "," 56,934 "," 56,323 "," 58,089 "," 58,942 "," 59,357 "," 53,298 "," 57,722 "," 56,496 "," 58,796 "
202,Colonial Beach Public Schools," 38,728 "," 39,867 "," 39,792 "," 41,032 "," 42,432 "," 43,090 "," 41,592 "," 38,843 "," 40,116 "," 41,498 "," 46,141 "," 48,882 "," 39,462 "," 42,185 "," 40,184 "," 45,507 "
207,West Point Public Schools," 38,708 "," 40,797 "," 41,071 "," 41,731 "," 39,841 "," 42,581 "," 41,721 "," 41,751 "," 40,911 "," 37,914 "," 39,637 "," 40,073 "," 40,192 "," 41,384 "," 41,461 "," 39,208 "
Governor's Schools,,,,,,,,,,,,,,,,,
260,Central Virginia Governor's School," 55,531 "," 60,064 "," 61,147 "," 64,605 "," 67,821 "," 63,075 "," 65,710 "," 66,793 "," 70,950 "," 72,865 "," 61,785 "," 63,276 "," 58,914 "," 65,167 "," 67,818 "," 65,975 "
261,Southwest Virginia Governor's School," 48,523 "," 47,416 "," 47,754 "," 43,415 "," 42,575 "," 48,233 "," 44,984 "," 55,945 "," 51,800 "," 51,974 "," 53,383 "," 46,151 "," 47,898 "," 44,741 "," 50,910 "," 50,503 "
262,Governor's School For The Arts," 36,196 "," 38,003 "," 41,944 "," 41,511 "," 43,443 "," 40,593 "," 41,566 "," 38,928 "," 40,348 "," 43,117 "," 45,031 "," 41,418 "," 38,715 "," 41,849 "," 40,281 "," 43,189 "
263,Roanoke Valley Governor's School," 44,715 "," 46,478 "," 46,710 "," 50,182 "," 55,037 "," 51,858 "," 51,392 "," 50,060 "," 52,206 "," 58,524 "," 54,885 "," 56,013 "," 45,968 "," 52,359 "," 51,219 "," 56,474 "
264,New Horizons Governor's School," 43,136 "," 46,437 "," 49,670 "," 48,709 "," 45,804 "," 44,912 "," 49,335 "," 47,877 "," 48,506 "," 53,770 "," 52,708 "," 55,379 "," 46,415 "," 46,475 "," 48,573 "," 53,952 "
265,Shenandoah Valley Governor's School," 41,848 "," 44,598 "," 47,209 "," 46,141 "," 50,659 "," 48,012 "," 50,132 "," 48,572 "," 50,245 "," 51,891 "," 53,934 "," 53,394 "," 44,552 "," 48,270 "," 49,650 "," 53,073 "
266,Governor's School Global Economics/Tech," 41,951 "," 44,856 "," 45,703 "," 46,951 "," 49,643 "," 49,643 "," 32,112 "," 42,384 "," 52,368 "," 47,547 "," 53,090 "," 53,706 "," 44,170 "," 48,746 "," 42,288 "," 51,448 "
267,Appomattox Regional Governor's School," 39,761 "," 40,990 "," 41,986 "," 42,232 "," 44,240 "," 48,024 "," 48,473 "," 48,659 "," 48,090 "," 42,026 "," 43,889 "," 44,175 "," 40,913 "," 44,832 "," 48,407 "," 43,363 "
268,A. Linwood Holton Governor's School," 38,915 "," 39,695 "," 41,045 "," 42,418 "," 43,687 "," 46,774 "," 47,147 "," 48,454 "," 47,705 "," 44,238 "," 44,729 "," 49,023 "," 39,885 "," 44,293 "," 47,769 "," 45,997 "
269,Chesapeake Bay Governor's School," 41,345 "," 46,869 "," 48,754 "," 50,289 "," 51,597 "," 46,779 "," 45,025 "," 46,499 "," 48,055 "," 46,999 "," 51,268 "," 53,196 "," 45,656 "," 49,555 "," 46,526 "," 50,488 "
270,Commonwealth Governor's School," 53,278 "," 58,954 "," 60,014 "," 61,611 "," 58,601 "," 63,408 "," 63,170 "," 59,944 "," 58,970 "," 59,574 "," 58,799 "," 63,182 "," 57,415 "," 61,207 "," 60,695 "," 60,518 "
271,Maggie L. Walker Governor's School," 42,366 ",-999," 52,123 "," 54,504 "," 57,267 "," 56,613 "," 57,515 "," 56,056 ",-999," 54,978 "," 56,131 ",," 47,245 "," 56,128 "," 56,786 "," 36,703 "
272,Thomas Jefferson High School," 74,232 "," 76,635 "," 78,021 "," 77,303 "," 80,143 "," 78,101 "," 76,874 "," 76,375 "," 77,467 "," 79,492 "," 81,346 "," 82,268 "," 76,296 "," 78,516 "," 76,905 "," 81,035 "
273,Blue Ridge Governor's School," 36,798 "," 40,597 "," 38,555 "," 42,619 "," 48,581 "," 43,973 "," 41,203 "," 40,652 "," 40,418 "," 41,580 "," 41,805 "," 41,893 "," 38,650 "," 45,058 "," 40,758 "," 41,759 "
274,Jackson River Governor's School," 48,000 "," 54,600 "," 54,600 "," 64,850 ",-998,-998,-998,-998,-998,-998,-998,-998," 52,400 ",-998,-998,-998
275,Massanutten Governor's School,-998,-998,-998," 48,917 "," 52,806 "," 52,702 "," 52,666 "," 52,672 "," 51,855 "," 57,427 "," 60,005 "," 53,606 ",-998," 51,475 "," 52,398 "," 57,013 "
276,Piedmont Governor's School," 35,782 "," 41,923 "," 44,418 "," 46,528 "," 46,371 "," 46,528 "," 46,119 "," 46,473 "," 46,903 "," 52,267 "," 52,179 "," 47,599 "," 40,708 "," 46,476 "," 46,498 "," 50,682 "
277,Mountain Vista Governor's School,-998,-998," 50,139 "," 67,354 "," 69,591 "," 57,990 "," 58,033 "," 56,764 "," 65,170 "," 66,890 "," 67,448 "," 68,310 ",-998," 64,978 "," 59,989 "," 67,549 "
278,Governor's School at Innovation Park,-998,-998,-998,-998,-998,-998,-998,-998," 60,566 "," 65,245 "," 60,538 "," 65,998 ",-998,-998," 19,523 "," 63,927 "
Special Education Regional Programs,,,,,,,,,,,,,,,,,
280,Cooperative Centers For Exceptional Children," 37,381 "," 37,632 "," 37,955 "," 39,741 "," 40,614 "," 40,597 "," 39,801 "," 39,787 "," 41,016 "," 43,331 "," 44,666 "," 41,822 "," 37,656 "," 40,317 "," 40,201 "," 43,273 "
281,Middle Peninsula Special Education Program," 33,076 "," 36,486 "," 38,883 "," 39,379 "," 39,308 "," 38,879 "," 36,359 "," 39,618 "," 42,179 "," 43,053 "," 41,979 "," 41,573 "," 36,148 "," 39,189 "," 39,385 "," 42,202 "
282,Laurel Regional Special Education Center," 43,089 "," 41,389 "," 46,480 "," 45,921 "," 51,570 "," 46,950 "," 49,591 "," 48,515 "," 48,112 "," 51,595 "," 48,628 "," 49,643 "," 43,653 "," 48,147 "," 48,739 "," 49,955 "
283,Northern Neck Special Education Program," 33,899 "," 32,624 "," 36,651 "," 39,327 "," 41,238 "," 42,765 "," 40,934 "," 37,905 "," 42,467 "," 39,727 "," 38,064 "," 34,168 "," 34,391 "," 41,110 "," 40,435 "," 37,320 "
284,Northwestern Regional Education Program," 38,921 "," 41,259 "," 45,414 "," 46,472 "," 48,655 "," 48,015 "," 48,329 "," 47,817 "," 49,961 "," 51,449 "," 52,644 "," 53,007 "," 41,865 "," 47,714 "," 48,702 "," 52,367 "
285,Peninsula Area Cooperative Education Services," 38,932 "," 41,382 "," 41,957 "," 42,056 "," 42,792 "," 43,655 "," 44,134 "," 43,713 "," 45,286 "," 44,555 "," 48,108 "," 48,937 "," 40,757 "," 42,834 "," 44,378 "," 47,200 "
286,Piedmont Regional Education Program," 46,015 "," 43,156 "," 44,835 "," 46,415 "," 46,490 "," 44,863 "," 40,736 "," 42,050 "," 42,624 "," 44,926 "," 46,461 "," 46,878 "," 44,669 "," 45,923 "," 41,803 "," 46,088 "
287,Shenandoah Valley Regional Program," 32,278 "," 30,464 "," 34,364 "," 39,079 "," 38,802 "," 40,248 "," 42,860 "," 44,577 "," 43,524 "," 50,927 "," 54,162 "," 57,543 "," 32,369 "," 39,376 "," 43,654 "," 54,211 "
288,Southeastern Cooperative Educational Program," 41,216 "," 40,167 "," 42,539 "," 43,804 "," 44,708 "," 44,558 "," 46,772 "," 45,887 "," 45,866 "," 46,357 "," 47,144 "," 46,286 "," 41,307 "," 44,357 "," 46,175 "," 46,596 "
290,N. Virginia Regional Special Education Program," 46,847 "," 48,153 "," 51,842 "," 55,407 "," 58,956 "," 53,682 "," 56,798 "," 57,726 "," 58,058 "," 58,998 "," 61,589 "," 58,036 "," 48,947 "," 56,015 "," 57,527 "," 59,541 "
292,Henry Co/Martinsville Regional Program," 32,415 "," 34,888 "," 34,890 "," 36,981 "," 39,359 "," 39,545 "," 37,085 "," 39,720 "," 41,847 "," 41,529 "," 42,397 "," 41,043 "," 34,064 "," 38,628 "," 39,551 "," 41,656 "
299,Roanoke Valley Regional Board," 36,612 "," 39,368 "," 41,169 "," 43,543 "," 44,532 "," 44,712 "," 45,094 "," 43,135 "," 43,073 "," 46,657 "," 45,815 "," 45,132 "," 39,050 "," 44,262 "," 43,767 "," 45,868 "
Vocational Education Regional Programs,,,,,,,,,,,,,,,,,
301,Charlottesville-Albemarle Vocational-Technical," 39,643 "," 45,670 "," 46,398 "," 52,502 "," 51,991 "," 51,825 "," 58,512 "," 60,094 "," 62,598 "," 62,216 "," 65,764 "," 60,776 "," 43,904 "," 52,106 "," 60,401 "," 62,919 "
302,Jackson River Technical Center," 39,934 "," 41,258 "," 42,906 "," 44,771 "," 46,817 "," 47,412 "," 47,235 "," 47,940 "," 49,929 "," 47,818 "," 48,373 "," 47,318 "," 41,366 "," 46,333 "," 48,368 "," 47,836 "
304,Massanutten Technical Center," 43,939 "," 40,261 "," 45,632 "," 44,548 "," 48,549 "," 47,612 "," 49,456 "," 48,184 "," 51,584 "," 51,637 "," 51,617 "," 52,801 "," 43,277 "," 46,903 "," 49,741 "," 52,018 "
306,Valley Vocational-Technical Center," 37,121 "," 42,067 "," 46,374 "," 47,602 "," 49,163 "," 48,589 "," 46,473 "," 46,171 "," 47,930 "," 51,838 "," 51,674 "," 51,434 "," 41,854 "," 48,451 "," 46,858 "," 51,649 "
307,New Horizons Regional Education Center," 39,771 "," 41,938 "," 40,341 "," 42,010 "," 49,324 "," 50,381 "," 48,387 "," 50,528 "," 46,281 "," 52,053 "," 53,347 "," 53,541 "," 40,683 "," 47,238 "," 48,399 "," 52,980 "
308,P. D. Pruden Vocational-Technical Center," 41,766 "," 45,385 "," 46,245 "," 49,956 "," 49,088 "," 47,265 "," 50,204 "," 47,900 "," 47,784 "," 49,254 "," 47,612 "," 55,833 "," 44,466 "," 48,770 "," 48,629 "," 50,900 "
309,Rowanty Vocational-Technical Center," 51,136 "," 48,639 "," 49,410 "," 48,718 "," 50,263 "," 48,304 "," 52,759 "," 46,939 "," 49,862 "," 50,911 "," 47,785 "," 51,870 "," 49,728 "," 49,095 "," 49,853 "," 50,189 "
310,Northern Neck Vocational-Technical Center," 38,315 "," 43,251 "," 42,779 "," 44,533 "," 39,792 "," 40,888 "," 35,706 "," 43,049 "," 45,180 "," 47,412 "," 46,250 "," 48,787 "," 41,448 "," 41,738 "," 41,312 "," 47,483 "
311,Amelia-Nottoway Vocational-Technical Center," 29,652 "," 37,617 "," 37,084 "," 37,691 "," 40,051 "," 39,655 "," 40,051 "," 51,968 ",-999," 48,324 "," 42,722 "," 44,523 "," 34,784 "," 39,132 "," 46,010 "," 45,190 "
313,Bridging Communities Career and Technical Center,-998,-998,-998,-998,-998,-998,-998,-998," 39,316 "," 46,285 "," 43,676 "," 47,295 ",-998,-998," 12,440 "," 45,752 "
Regional Alternative Education Programs,,,,,,,,,,,,,,,,,
401,Lynchburg City Secondary Alternative," 37,252 "," 31,403 "," 42,515 "," 36,439 "," 35,252 "," 32,017 "," 51,340 "," 52,215 "," 55,493 "," 49,259 "," 44,074 "," 43,732 "," 37,057 "," 34,569 "," 53,016 "," 45,688 "
402,Enterprise Academy/Newport News City," 44,466 "," 53,161 "," 55,067 "," 52,415 "," 53,685 "," 53,971 "," 52,762 "," 51,859 "," 52,969 "," 53,224 "," 54,764 "," 57,496 "," 50,898 "," 53,357 "," 52,530 "," 55,161 "
403,Tidewater Regional Alternative Education," 39,010 "," 37,547 "," 36,674 "," 38,799 "," 40,557 "," 40,142 "," 36,510 "," 36,643 "," 38,249 "," 43,697 "," 42,372 "," 41,697 "," 37,744 "," 39,833 "," 37,134 "," 42,589 "
404,Regional Alternative Plus Self Project/Roanoke," 33,402 "," 33,984 "," 42,453 "," 57,631 "," 41,421 "," 44,064 "," 46,294 "," 48,249 "," 50,252 "," 45,244 "," 41,667 "," 45,936 "," 36,613 "," 47,705 "," 48,265 "," 44,282 "
405,Transition Support Resource Center/Fairfax," 63,177 "," 68,505 "," 73,985 "," 77,791 "," 91,067 "," 91,067 "," 72,539 "," 83,364 "," 83,208 "," 89,947 "," 80,328 "," 71,201 "," 68,555 "," 86,642 "," 79,704 "," 80,492 "
406,Project Return/Fluvanna County," 34,642 "," 36,721 "," 38,741 "," 39,903 "," 41,499 "," 41,499 "," 40,047 "," 40,047 "," 40,488 "," 41,865 "," 42,000 "," 42,000 "," 36,701 "," 40,967 "," 40,194 "," 41,955 "
407,Behav Disord Youth/Montgomery," 36,760 "," 37,838 "," 44,075 "," 44,687 "," 48,050 "," 46,059 "," 44,799 "," 44,143 "," 43,286 "," 44,246 "," 43,832 "," 41,717 "," 39,557 "," 46,265 "," 44,076 "," 43,265 "
408,Petersburg Regional Alternative," 32,358 "," 35,000 "," 36,050 "," 38,200 "," 40,300 "," 35,870 "," 33,359 "," 35,027 "," 39,160 "," 40,600 "," 39,848 "," 36,876 "," 34,469 "," 38,123 "," 35,849 "," 39,108 "
409,Regional Alternative/Pittsylvania Co," 30,673 "," 35,487 "," 30,916 "," 31,760 "," 33,080 "," 33,080 "," 45,289 "," 41,375 "," 38,552 "," 38,509 "," 32,386 "," 32,938 "," 32,359 "," 32,640 "," 41,739 "," 34,611 "
410,Project Return/Powhatan Co," 39,136 "," 37,083 "," 41,063 "," 42,894 "," 40,000 "," 40,283 "," 40,282 "," 39,908 "," 59,341 "," 54,416 "," 56,595 "," 55,751 "," 39,094 "," 41,059 "," 46,510 "," 55,587 "
411,Crossroads Alternative/Bristol City," 34,709 "," 37,478 "," 38,528 "," 40,909 "," 37,570 "," 32,368 "," 36,676 "," 34,733 "," 37,342 "," 38,017 "," 38,154 "," 52,115 "," 36,905 "," 36,949 "," 36,250 "," 42,762 "
412,Metro Richmond Alternative Ed," 31,423 "," 35,896 "," 37,604 "," 38,434 "," 36,193 "," 40,629 "," 36,005 "," 40,499 "," 47,047 "," 43,004 "," 45,629 "," 42,031 "," 34,975 "," 38,419 "," 41,184 "," 43,555 "
413,Regional Alternative Ed/Stafford Co," 41,693 "," 45,891 "," 49,506 "," 40,761 "," 52,923 "," 42,351 "," 48,413 "," 50,719 "," 51,685 "," 45,206 "," 58,947 "," 54,478 "," 45,696 "," 45,345 "," 50,272 "," 52,877 "
414,Southside L.I.N.K. Project/Brunswick Co," 35,154 "," 31,729 "," 33,676 "," 35,117 "," 39,123 "," 35,356 "," 33,467 "," 36,742 "," 41,834 "," 47,175 "," 54,048 "," 43,701 "," 33,520 "," 36,532 "," 37,348 "," 48,308 "
415,Regional Alternative Ed/King William," 14,470 "," 11,665 "," 12,228 "," 30,264 "," 31,732 "," 32,278 "," 32,036 "," 30,797 "," 26,279 "," 26,654 "," 28,132 "," 28,063 "," 12,788 "," 31,425 "," 29,704 "," 27,616 "
416,New Dominion/Prince William Co," 49,991 "," 51,702 "," 73,523 "," 69,458 "," 85,541 "," 60,433 "," 57,022 "," 62,653 "," 61,158 "," 61,076 "," 62,399 "," 59,717 "," 58,406 "," 71,811 "," 60,278 "," 61,064 "
417,Project Bridge/Russell Co," 32,445 "," 27,702 "," 32,112 "," 32,517 "," 34,144 "," 35,519 "," 34,488 "," 31,996 "," 33,163 "," 33,301 "," 32,023 "," 30,169 "," 30,753 "," 34,060 "," 33,216 "," 31,831 "
418,Regional Alternative/Wythe Co," 37,734 "," 35,951 "," 43,120 "," 38,732 "," 49,526 "," 49,838 "," 49,801 "," 50,655 "," 26,150 "," 41,480 "," 41,624 "," 50,176 "," 38,935 "," 46,032 "," 42,202 "," 44,427 "
420,On The Right Track Reg/Piedmont Alternative School 7," 27,827 "," 29,230 "," 35,261 "," 38,214 "," 40,112 "," 39,875 "," 38,625 "," 39,100 ",-999," 42,062 "," 44,348 "," 46,513 "," 30,772 "," 39,400 "," 38,863 "," 44,308 "
421,Northern Neck Regional Alternative Education," 39,253 "," 40,289 "," 36,017 "," 37,593 "," 38,891 "," 38,891 "," 38,541 "," 47,779 "," 50,168 "," 45,019 "," 45,758 "," 47,998 "," 38,520 "," 38,458 "," 45,496 "," 46,258 "
422,Shenandoah Valley Reg Alternative Ed/Genesis," 32,275 "," 28,143 "," 35,757 "," 36,222 "," 36,217 "," 35,092 "," 34,884 "," 37,565 "," 39,574 "," 43,042 "," 42,090 "," 38,448 "," 32,058 "," 35,844 "," 37,341 "," 41,193 "
423,Breaking Barriers Alternative Ed/Henry Co," 30,891 "," 30,555 "," 31,591 "," 33,048 "," 34,009 "," 35,115 "," 36,338 "," 38,450 "," 39,800 "," 38,700 "," 41,100 "," 40,000 "," 31,012 "," 34,057 "," 38,196 "," 39,933 "
424,Carroll/Galax/Joy Ranch Reg Alternative Ed," 32,320 "," 30,295 "," 34,408 "," 35,326 "," 36,190 "," 36,680 "," 36,384 "," 37,247 "," 33,405 "," 36,609 "," 37,582 "," 38,634 "," 32,341 "," 36,065 "," 35,679 "," 37,608 "
426,Regional Learning Academy/Wise Co," 29,022 "," 28,920 "," 28,227 "," 40,326 "," 33,423 "," 44,396 "," 35,582 "," 49,823 "," 52,533 "," 54,966 "," 55,092 "," 51,725 "," 28,723 "," 39,382 "," 45,979 "," 53,928 "
427,Regional Community Alternative Ed Continuum," 46,628 "," 43,703 "," 40,933 "," 37,541 "," 47,256 "," 40,291 "," 34,816 "," 46,513 "," 47,829 "," 45,596 "," 47,665 "," 47,798 "," 43,754 "," 41,696 "," 43,053 "," 47,020 "
428,Project Renew/Northampton Co," 23,054 ",-999," 32,060 "," 31,611 "," 31,219 "," 28,064 "," 26,604 "," 27,014 "," 32,717 "," 33,243 "," 33,994 "," 34,683 "," 27,557 "," 30,298 "," 28,778 "," 33,973 "
429,Renaissance/Scott Co," 40,705 "," 42,734 "," 43,206 "," 42,659 "," 43,696 "," 45,692 "," 45,345 "," 44,103 "," 45,269 "," 46,772 "," 46,691 "," 46,830 "," 42,215 "," 44,016 "," 44,906 "," 46,764 "
430,R.E.Cook Regional Alternative," 36,883 "," 41,512 "," 42,786 "," 43,867 ",-998,-998,-998,-998,-998,-998,-998,-998," 40,394 ",-998,-998,-998
431,Regional Alternative Education Center/Buena Vista,-998,-998,-998,-998,-998,-998," 41,545 "," 43,343 "," 40,219 "," 40,566 "," 38,852 "," 49,204 ",-998,-998,41702," 42,874 "
